PARAMETER,YEAR,JAN,FEB,MAR,APR,MAY,JUN,JUL,AUG,SEP,OCT,NOV,DEC,ANN
PRECTOTCORR_SUM,2000,34.61,27.55,12.7,2.71,34.53,201.86,353.53,103.56,93.9,0.04,1.18,3.34,869.51
PRECTOTCORR_SUM,2001,30.63,3.99,11.98,40.18,74.03,174.92,301.67,226.48,44.66,0.76,0.63,9.99,919.92
PRECTOTCORR_SUM,2002,15.66,66.86,25.85,22.8,20.09,49.59,104.59,205.33,197.53,5.91,0,7.36,721.57
PRECTOTCORR_SUM,2003,58.02,45.4,19.57,14.26,13.79,83.17,369.18,266.14,157.88,8.43,5.38,17.01,1058.23
PRECTOTCORR_SUM,2004,72.59,4.56,0,52.33,54.04,118.7,159.69,412.07,21.48,47.07,0.13,8.6,951.26
PRECTOTCORR_SUM,2005,49.84,61.24,45.39,6.86,7.53,105.79,269.87,149.25,216.95,2.31,0.95,0.19,916.17
PRECTOTCORR_SUM,2006,14.77,2.67,73.74,4.64,70.76,80.14,302.66,170.46,96.06,15.16,8.73,15.52,855.31
PRECTOTCORR_SUM,2007,3.3,149.98,58.65,11.92,14.55,87.94,207.35,308.63,70.09,7.09,2.2,3.72,925.42
PRECTOTCORR_SUM,2008,18.7,9.24,0.92,43.66,129.68,417.91,250.03,375.36,251.52,14.49,4.73,2.19,1518.43
PRECTOTCORR_SUM,2009,16.66,23.72,31.57,49.2,33.53,67.68,233.06,189.53,176.85,36.12,3.24,0.03,861.19
PRECTOTCORR_SUM,2010,11.76,24.75,1.09,1.14,12.83,150.67,472.26,308.3,354.73,6.99,7.14,31.06,1382.72
PRECTOTCORR_SUM,2011,5.96,35.9,11.64,17.74,50.64,247.49,291.28,355.19,271.36,7.59,0.89,7.05,1302.73
PRECTOTCORR_SUM,2012,27.16,2.96,8.38,40.04,2.52,35.45,254.39,289.5,192.64,2.73,3.59,19.45,878.81
PRECTOTCORR_SUM,2013,52.34,128.49,20.23,3.31,7.3,341.77,401.98,405.82,83.22,21.79,7.54,6.38,1480.17
PRECTOTCORR_SUM,2014,77.1,69.77,50.29,34.9,32.53,43.05,137.89,179.28,264.94,23.35,2.57,24.43,940.1
PRECTOTCORR_SUM,2015,29.14,39.79,146.21,55.48,12.86,121.34,390.72,242.55,79.62,13.76,4.29,17.89,1153.65
PRECTOTCORR_SUM,2016,19.88,30.15,98.18,24.55,78.03,129.49,288.87,241.33,48.07,5.37,0.15,5.59,969.66
PRECTOTCORR_SUM,2017,117.87,21.66,38.78,56.06,60.38,182.86,257.23,325.03,151.64,0.05,3.07,20.49,1235.12
PRECTOTCORR_SUM,2018,14.09,36,22.46,46.04,41.04,177.11,353.4,372.33,302.63,10.02,24.88,9.89,1409.89
PRECTOTCORR_SUM,2019,66.08,115.98,49.58,38.11,36.43,58.89,273.21,328.12,143.32,8.87,37.22,33.7,1189.51
PRECTOTCORR_SUM,2020,101.68,27.79,121.79,71.36,92.74,117.54,291.94,299.42,23.43,0.02,29.85,17.34,1194.9
PRECTOTCORR_SUM,2021,21.93,32.08,26.06,74.56,83.77,126.56,342.51,201.29,233.66,40.41,0.55,9.93,1193.31
PRECTOTCORR_SUM,2022,161.96,60.3,2.65,3.12,79.38,100.38,490.31,276.68,255.19,39.94,6.91,1.98,1478.8
PRECTOTCORR_SUM,2023,47.91,16.57,90.7,101.59,137.08,163.02,535.39,440.45,71.53,30,13.04,3.98,1651.26
PRECTOTCORR_SUM,2024,4.87,68.45,90.42,34.86,14.37,76.63,311.23,369.98,204.77,2.32,0,40.97,1218.87
PS,2000,91.38,91.25,91.07,90.69,90.46,90.22,90.18,90.36,90.71,91.06,91.38,91.47,90.85
PS,2001,91.33,91.22,91.14,90.95,90.44,90.2,90.23,90.45,90.79,91.13,91.49,91.67,90.92
PS,2002,91.47,91.56,91.2,90.83,90.41,90.28,90.17,90.42,90.9,91.23,91.44,91.51,90.95
PS,2003,91.61,91.39,91.22,90.94,90.6,90.12,90.35,90.46,90.74,91.27,91.48,91.6,90.98
PS,2004,91.44,91.4,91.14,90.78,90.51,90.35,90.23,90.39,90.87,91.38,91.55,91.54,90.96
PS,2005,91.45,91.4,91.26,91.08,90.68,90.19,90.27,90.35,90.78,91.28,91.45,91.49,90.97
PS,2006,91.48,91.39,91.2,90.87,90.57,90.4,90.19,90.46,90.81,91.34,91.46,91.58,90.97
PS,2007,91.62,91.32,91.25,90.97,90.64,90.27,90.16,90.36,90.62,91.17,91.43,91.51,90.94
PS,2008,91.41,91.33,91.1,90.94,90.52,90.25,90.22,90.4,90.78,91.25,91.45,91.52,90.93
PS,2009,91.56,91.3,91.2,90.94,90.56,90.31,90.17,90.47,90.77,91.21,91.44,91.51,90.95
PS,2010,91.62,91.4,91.17,90.89,90.5,90.39,90.4,90.52,90.77,91.07,91.37,91.26,90.94
PS,2011,91.35,91.31,91.15,91.05,90.56,90.2,90.28,90.41,90.64,91.21,91.42,91.45,90.92
PS,2012,91.39,91.25,91.12,90.93,90.61,90.1,90.09,90.38,90.72,91.25,91.33,91.38,90.88
PS,2013,91.46,91.4,91.23,90.9,90.41,90.19,90.15,90.44,90.76,91.18,91.48,91.44,90.92
PS,2014,91.62,91.28,91.36,91.08,90.73,90.16,90.25,90.43,90.76,91.35,91.42,91.54,91
PS,2015,91.6,91.42,91.4,91.01,90.67,90.37,90.28,90.51,90.87,91.35,91.51,91.59,91.05
PS,2016,91.53,91.51,91.32,90.86,90.56,90.43,90.28,90.46,90.74,91.08,91.44,91.53,90.97
PS,2017,91.56,91.49,91.16,90.82,90.67,90.35,90.3,90.44,90.8,91.11,91.43,91.58,90.97
PS,2018,91.34,91.44,91.17,90.93,90.68,90.23,90.15,90.32,90.85,91.36,91.51,91.57,90.96
PS,2019,91.62,91.44,91.33,91.01,90.73,90.39,90.22,90.42,90.84,91.35,91.49,91.59,91.03
PS,2020,91.51,91.56,91.3,91.13,90.76,90.44,90.35,90.3,90.69,91.04,91.57,91.48,91.01
PS,2021,91.38,91.41,91.2,91.05,90.72,90.39,90.27,90.48,90.79,91.09,91.35,91.6,90.97
PS,2022,91.37,91.22,91.12,90.84,90.45,90.31,90.44,90.48,90.74,91.24,91.44,91.43,90.92
PS,2023,91.56,91.4,91.31,91.06,90.84,90.45,90.43,90.43,90.78,91.31,91.58,91.6,91.06
PS,2024,91.55,91.53,91.31,90.99,90.62,90.35,90.17,90.57,90.71,91.17,91.45,91.47,90.99
RH2M,2000,38,43.34,28.19,14.86,25.92,48.31,73.02,72.19,55.67,31.95,32.28,24.67,40.72
RH2M,2001,36.08,29.02,22.99,30.48,31.21,53.83,77.84,76.89,55.97,35.39,29.14,32.77,42.75
RH2M,2002,39.09,43.2,35.28,23.24,17.65,29.53,37.24,63.95,67.6,47.23,37.97,37.79,39.96
RH2M,2003,36.18,49.23,41.61,28.81,18.47,29.99,75.54,81.01,75.98,49.24,39.81,47.49,47.81
RH2M,2004,51.46,40.66,27.23,23.5,29.29,45.35,55.03,80.37,61.27,51.53,39.44,39.92,45.48
RH2M,2005,50.8,57.16,50.43,30.69,26.23,29.33,72.79,67.59,70.98,47.49,34.83,32.17,47.53
RH2M,2006,40.27,32.4,41.23,26.67,31.54,39.82,69.79,78.9,72.16,51.6,46.98,45,48.18
RH2M,2007,35.34,58.4,53.26,33.69,28.92,38.78,62.73,78.97,68.69,38.56,33.78,36.17,47.22
RH2M,2008,40.54,35.73,21.9,33.9,36.8,70.42,80.59,85.84,78.7,67.22,49.29,47.27,54.07
RH2M,2009,49.84,42.18,36.95,34.25,26.3,24.69,56,72.34,70.46,48,43.49,36.89,45.16
RH2M,2010,33.83,42.43,28.05,18.33,20.22,36.78,75.11,85.15,83.43,69.27,55.57,51.77,50.07
RH2M,2011,47.54,52.6,39.89,35.13,29.13,54.61,75.88,84.85,82.67,64.84,55.4,42.26,55.41
RH2M,2012,53.81,45.67,31.01,36.51,21.92,23.7,64.03,79.15,78.02,54.34,44.13,44.35,48.09
RH2M,2013,46.59,62.83,48.68,37.28,21.14,51.44,79.95,87.4,78.08,68.58,49.25,47.19,56.51
RH2M,2014,52.86,56.93,53.41,40.77,35.91,30.94,55.67,62.55,80.4,62.01,42.58,39.79,51.13
RH2M,2015,50.14,48.44,62.07,51.18,30.24,40.19,78.36,81.66,64.2,52.78,47.05,43.35,54.22
RH2M,2016,43.03,39.46,46.45,34.65,35.11,45.55,71.21,81.49,71.51,45.2,33.39,31.43,48.28
RH2M,2017,53.91,47.47,44.08,31.81,34.69,50.75,72.47,83.77,74.7,49.81,46.12,42.61,52.75
RH2M,2018,38.25,40.53,37.1,35.43,28.47,50.02,79.42,85.6,82.57,66.52,60.18,53.58,54.9
RH2M,2019,59.27,67.12,60.51,44.03,34.92,34.67,68.03,82.88,81.44,64.26,57.09,50.47,58.7
RH2M,2020,65.42,57.19,65.18,53.98,44.49,52.5,72.46,85.32,74.37,41.92,42.36,42.06,58.13
RH2M,2021,45.45,45.31,38,34.2,40.5,48.84,69.57,80.98,83.72,70.61,48.59,51.84,54.89
RH2M,2022,71.15,65.84,47.37,27.32,33.1,37.83,81.26,87.34,85.53,73.25,62.52,55.71,60.72
RH2M,2023,59.38,46.79,55.72,49.8,49.64,60.17,83.85,89.62,83,69.2,61.02,53.53,63.61
RH2M,2024,48.85,51.5,50.03,40.74,30.3,33.58,74.36,86.82,85.12,66.88,55.82,47.61,56.02
T2M,2000,11.44,11.03,17.4,26.55,31.1,29.19,26.74,26.33,25.04,22.32,17.07,13.49,21.5
T2M,2001,10.7,14.24,18.91,24.23,29.58,28.78,26.53,25.76,24.72,22.27,17.23,13.35,21.39
T2M,2002,11.34,12.96,19.12,25.94,31.39,31.84,31.4,27.34,23.37,21.12,16.95,13.16,22.21
T2M,2003,11.07,12.96,17.83,25.16,28.49,32.03,26.66,25.57,23.9,20.1,15.86,12.81,21.07
T2M,2004,10.87,13.81,21.13,26.93,28.94,29.4,29.23,25.16,24.47,19.72,16.5,13.38,21.64
T2M,2005,10.38,12.03,18.91,23.07,28.05,31.75,27.02,26.78,24.71,20.61,15.86,12.25,20.99
T2M,2006,11.78,17.89,18.06,24.52,30.41,29.67,27.82,25.73,23.88,21.72,16.64,12.55,21.73
T2M,2007,11.37,12.62,16.61,25.73,29.33,31.33,28.63,26.12,24.66,20.86,16.94,12.15,21.4
T2M,2008,10.33,12.21,21.05,23.86,27.75,26.93,25.89,24.5,22.61,20.01,16.11,14.05,20.47
T2M,2009,13.06,14.66,18.9,23.63,29.15,31.16,29.69,26.68,24.04,20.13,16.05,12.45,21.67
T2M,2010,11.76,13.87,21.78,27.74,30.86,30.25,26.64,25.25,22.97,20.23,16.35,11.38,21.62
T2M,2011,9.43,12.91,18.4,22.95,30,28.55,26.33,25.02,23.37,19.65,16.2,12.21,20.45
T2M,2012,9.22,11.86,17.81,23.53,28.9,32.36,28.97,25.96,24.01,20.69,16.43,12.92,21.07
T2M,2013,10.5,12.95,18.73,24.19,30.39,29.43,26.46,24.6,23.57,21.05,15.48,12.18,20.83
T2M,2014,11.07,12.08,16.8,22.73,27.86,32.47,29.31,27.5,23.53,20.79,17.04,12.15,21.15
T2M,2015,10.68,14.66,16.75,22.82,29.3,29.97,26.27,25.25,24.23,21.79,17.69,12.8,21.04
T2M,2016,12,14.87,19.38,25.48,29.59,30.81,27.47,25.46,24.67,22.2,17.73,14.41,22.02
T2M,2017,10.89,14.73,17.79,25.68,29.24,29.02,27.21,25.32,23.78,21.49,16.14,13.49,21.26
T2M,2018,11.21,14.59,19.63,24.75,28.82,29.87,26.45,25.03,23,19.21,15.37,10.58,20.73
T2M,2019,9.38,11,15.46,24.02,27.66,31.21,27.88,25.45,24.11,19.67,16.18,10.38,20.24
T2M,2020,8.46,12.01,15.28,21.44,26.53,28.15,27.27,25.82,24.61,21.92,15.75,12.52,20
T2M,2021,11.64,14.83,20.04,23.01,26.88,28.85,27.78,25.43,24.08,20.91,15.79,11.53,20.93
T2M,2022,9.47,11.13,20.59,27.05,29.16,30.49,26.41,25.24,23.7,19.96,15.91,12.47,21.01
T2M,2023,10.69,15.06,17.99,21.54,24.67,27.41,25.79,24.97,23.92,19.63,16.77,12.73,20.11
T2M,2024,10.86,11.78,17.49,23.12,29.44,32.14,28.25,25.55,24.56,21.84,17.62,11.81,21.22
T2M_MAX,2000,22.92,24.2,33.09,39.21,41.16,39.1,36.9,32.14,32.8,32.84,27.89,23.69,41.16
T2M_MAX,2001,25.34,26.08,31.84,38.72,42.03,36.82,35.02,30.75,32.52,32.2,30.76,24.77,42.03
T2M_MAX,2002,23.16,24.43,32.76,38.7,42.48,42.35,41.87,37.33,30.73,31.02,27.25,24.01,42.48
T2M_MAX,2003,22.53,26.26,30.52,37.61,40.18,42.92,36.81,30.94,29.36,28.45,26.55,24.25,42.92
T2M_MAX,2004,23.49,27.94,33.2,37.55,40.67,38.92,38.41,30.48,30.99,30.25,25.78,24.16,40.67
T2M_MAX,2005,21.34,23.42,29.98,34.58,38.59,42.96,33.39,32.27,33.66,29.07,26.08,22.83,42.96
T2M_MAX,2006,27.11,29.07,29.58,38.09,39.7,39.47,38.38,31.98,31.21,32.02,27.34,23.98,39.7
T2M_MAX,2007,27.07,23.83,32.38,37.41,39.67,43.87,35.81,31.89,30.31,30.19,28.28,24.92,43.87
T2M_MAX,2008,22.63,28.82,31.92,37.86,40,34.69,30.79,29.33,30.17,27.38,25.52,24.08,40
T2M_MAX,2009,25.56,25.48,29.63,37.14,40.49,42.3,38.59,32.86,30.85,30.68,27.7,23.17,42.3
T2M_MAX,2010,22.62,28.72,34.84,38.96,43.07,40.51,35.45,30.26,28.96,27.29,25.28,21.74,43.07
T2M_MAX,2011,20.34,25.18,31.54,36.01,40.53,37.62,33.75,31.54,29.26,27.03,24.33,23.49,40.53
T2M_MAX,2012,18.83,24.63,32.45,33.76,41.83,42.51,39.46,33.68,30.06,29.07,26.59,24.1,42.51
T2M_MAX,2013,22.04,22.49,28.45,33.92,42.7,41.25,33.77,28.97,28.44,27.32,23.74,24.54,42.7
T2M_MAX,2014,21.06,21.29,28.61,37.23,39.87,42.33,39.13,33.83,29.94,28.95,26.35,24.36,42.33
T2M_MAX,2015,22.09,26.63,30.78,34.29,39.76,39.4,35.88,29.78,31.68,30.01,26.81,24.48,39.76
T2M_MAX,2016,21.36,27.29,31.78,37.02,41.02,39.73,35.88,30.76,30.41,31.07,28.35,24.98,41.02
T2M_MAX,2017,22.19,26.71,34.38,39.14,39.34,42.06,35.05,30.39,30.86,30.66,26.59,25.2,42.06
T2M_MAX,2018,24.56,26.49,32.49,37.24,39.67,39.27,34.52,29.43,29.82,27.48,23.86,20.02,39.67
T2M_MAX,2019,19.43,21.62,30.67,35.91,40.58,42.19,38.77,30.21,29.67,26.85,26.63,22.14,42.19
T2M_MAX,2020,19.95,25.19,25.39,33.36,39.14,37.01,36.98,31.6,31.16,31.81,27.81,24.94,39.14
T2M_MAX,2021,21.88,27.81,32.29,35.79,37.79,38.94,38.28,30,29.44,30.92,25.18,23.67,38.94
T2M_MAX,2022,21.59,21.55,34.57,38.88,40.6,40.24,33.63,30.31,29,28.51,24.96,23.15,40.6
T2M_MAX,2023,22.48,27.51,28.08,34.66,38.27,36.27,32.2,29.76,30.01,27.84,25.77,23.01,38.27
T2M_MAX,2024,20.69,22.45,31.95,33.39,41.96,41.84,36.35,30.46,30.52,28.7,27.32,22.85,41.96
T2M_MIN,2000,0.87,2.84,6.59,13.06,19.46,20.15,21.3,20,16.54,13.15,7.54,4.86,0.87
T2M_MIN,2001,2.63,3.58,6.6,12.5,20.34,19.8,21.67,20.41,16.57,14.18,7.49,5.63,2.63
T2M_MIN,2002,3.28,2.08,6.97,12.63,17.98,22.43,23.32,21.76,16.21,12.68,9.18,4.27,2.08
T2M_MIN,2003,3.46,3.59,3.36,13.07,14.32,22.81,21.39,20.22,16.46,11.95,7.87,2.99,2.99
T2M_MIN,2004,2.29,2.65,8.71,16.45,13.27,20.76,21.81,20.4,17.5,11.6,9.64,3.2,2.29
T2M_MIN,2005,2.18,4.36,10.43,9.81,17.69,21.37,21.72,19.87,17.84,12,8.43,4.26,2.18
T2M_MIN,2006,2.82,8.63,7.69,10.61,21.26,19.66,22,20.45,16.15,13.72,6.88,5,2.82
T2M_MIN,2007,1.99,4.1,5,13.97,20.32,22.59,21.69,20.78,16.45,13.58,8.65,3.81,1.99
T2M_MIN,2008,0.59,1.44,10.97,11.56,19.05,20.76,21.52,20.13,16.06,12.6,7.01,5.6,0.59
T2M_MIN,2009,5.51,6,7.51,10.27,18.51,20.47,22.63,20,17.78,10.66,6.98,4.04,4.04
T2M_MIN,2010,3.62,4.89,9.1,15.24,20.6,20.29,21.31,20.5,16.27,11.55,8.3,4.14,3.62
T2M_MIN,2011,0.86,4.67,6.42,10.01,18.48,18.44,21.32,20.23,17.61,12.02,7.99,4.97,0.86
T2M_MIN,2012,1.67,1.65,5.31,14.5,14.46,22.7,22.68,21.59,18.61,12.58,8.1,5.13,1.65
T2M_MIN,2013,1.54,4.47,7.56,12.21,18.5,16.7,22.21,21.33,18.73,13.2,9.48,3.44,1.54
T2M_MIN,2014,3.26,3.81,6.83,12.66,17.42,23.41,22.89,20.69,18.03,13.67,9.68,4.47,3.26
T2M_MIN,2015,2.57,6.71,6.52,12.71,18.59,21.69,21.35,20.78,16.89,13.19,11.11,2.94,2.57
T2M_MIN,2016,3.4,5.71,9.28,15.44,20.27,22.75,21.99,21.2,19.36,14.09,10.4,7.09,3.4
T2M_MIN,2017,2.76,4.55,4.16,11.21,17.65,21.13,21.9,20.75,18.18,13.29,8.28,5.86,2.76
T2M_MIN,2018,3.9,4.68,8.84,14.25,17.72,21.86,21.59,20.7,17.44,11.6,8.03,1.72,1.72
T2M_MIN,2019,0.77,2.28,3.73,12.88,17.72,21.59,21.67,19.95,18.59,12.93,7.69,-0.13,-0.13
T2M_MIN,2020,-0.5,1.96,6.71,9.69,17.05,18.26,20.86,21.14,16.84,13.13,6.61,2.71,-0.5
T2M_MIN,2021,3.49,4.1,9.01,11.8,16.85,20.15,21.87,20.83,20.05,13.28,9.71,2.23,2.23
T2M_MIN,2022,2.38,1.44,8.9,16.06,17.7,20.43,21.55,21.57,18.22,13.21,9.75,4.93,1.44
T2M_MIN,2023,3.76,4.06,9.98,10.92,15.25,17.09,21.38,20.18,18.42,13.03,9.71,5.92,3.76
T2M_MIN,2024,4.16,1.85,3.22,14.08,14.07,22.49,22.78,22.02,19.29,16.29,10.04,3.83,1.85
WS2M,2000,1.89,1.99,2.25,2.3,2.31,1.81,1.54,1.42,1.54,1.67,1.61,1.69,1.83
WS2M,2001,1.72,1.91,2.23,2.23,2.11,1.65,1.44,1.37,1.46,1.5,1.63,1.69,1.74
WS2M,2002,1.7,1.91,2.08,2.22,2.48,2.17,2.08,1.53,1.42,1.54,1.66,1.62,1.87
WS2M,2003,1.64,2.1,2.31,2.33,2.68,2.05,1.51,1.35,1.23,1.46,1.56,1.65,1.82
WS2M,2004,1.69,2.01,2.18,2.16,2.41,1.92,1.78,1.3,1.43,1.46,1.62,1.8,1.81
WS2M,2005,1.71,1.99,1.77,2.25,2.35,2.47,1.56,1.49,1.23,1.49,1.68,1.58,1.79
WS2M,2006,1.84,1.79,1.85,2.14,1.92,1.97,1.6,1.33,1.6,1.63,1.58,1.74,1.75
WS2M,2007,1.72,1.83,2.19,2.15,2.19,2.22,1.63,1.38,1.24,1.61,1.57,1.61,1.78
WS2M,2008,1.64,2.11,2.07,2.31,2.04,1.59,1.54,1.38,1.4,1.44,1.47,1.51,1.71
WS2M,2009,1.49,1.85,1.93,2.44,2.12,2.55,1.58,1.54,1.36,1.56,1.54,1.45,1.78
WS2M,2010,1.59,2.02,2.01,2.45,2.56,2.09,1.55,1.36,1.29,1.4,1.36,1.5,1.76
WS2M,2011,1.65,1.8,2.04,1.99,2.16,1.86,1.42,1.36,1.32,1.47,1.49,1.49,1.67
WS2M,2012,1.67,1.94,2.15,1.89,2.29,2.42,1.73,1.43,1.56,1.48,1.53,1.67,1.81
WS2M,2013,1.58,1.84,1.89,2.07,2.53,1.83,1.58,1.48,1.39,1.36,1.5,1.55,1.72
WS2M,2014,1.5,1.62,1.79,2.14,2.17,2.41,1.79,1.63,1.55,1.45,1.72,1.61,1.78
WS2M,2015,1.65,1.81,2,1.94,2.2,2.17,1.58,1.55,1.58,1.49,1.57,1.66,1.77
WS2M,2016,1.55,1.69,1.92,2.19,2.39,2.01,1.72,1.37,1.49,1.7,1.72,1.58,1.78
WS2M,2017,1.61,1.81,2.16,2.39,2.17,2.01,1.56,1.38,1.51,1.51,1.45,1.56,1.76
WS2M,2018,1.7,1.95,2.03,2.04,2.34,2.08,1.75,1.58,1.42,1.46,1.46,1.46,1.77
WS2M,2019,1.55,1.78,1.73,2.06,2.23,2.21,1.65,1.37,1.31,1.38,1.49,1.42,1.68
WS2M,2020,1.55,1.78,1.93,1.92,2.05,1.66,1.61,1.62,1.56,1.54,1.6,1.54,1.7
WS2M,2021,1.79,1.76,2.2,2.41,1.88,1.93,1.74,1.43,1.16,1.47,1.53,1.43,1.73
WS2M,2022,1.68,1.86,1.89,2.17,2.08,2.13,1.43,1.63,1.36,1.34,1.45,1.54,1.71
WS2M,2023,1.57,1.94,1.73,1.8,1.99,1.87,1.44,1.93,1.32,1.38,1.37,1.46,1.65
WS2M,2024,1.46,1.88,1.96,2.05,2.34,2.33,1.65,1.32,1.34,1.54,1.4,1.63,1.74
